target,prediction_0_for_negative_1_for_positive
0,0.5000000000000002
1,0.5000000000000002
0,0.5000000000000002
0,0.5000000000000002
0,0.5000000000000002
0,0.5000000000000002
1,0.5000000000000002
1,0.5000000000000002
1,0.5000000000000002
1,0.5000000000000002
