target,prediction_0_for_negative_1_for_positive
0,0.7692307692307693
1,0.7692307692307693
0,1.0
0,0.0
0,0.7692307692307693
0,0.7692307692307693
1,0.7692307692307693
1,0.7692307692307693
1,0.7692307692307693
1,0.7692307692307693
