target,prediction_0_for_negative_1_for_positive
0,0.035654344
1,0.9821821
0,0.14405382
0,0.6171518
0,0.017787179
0,0.035654344
1,0.9328665
1,0.9930253
1,0.99260795
1,0.9821821
