target,prediction_0_for_negative_1_for_positive
0,0.6513912584264006
1,0.6066224278261403
0,0.2883172523253626
0,0.739502542462473
0,0.5439428235008427
0,0.6513912584264006
1,0.416715180315168
1,0.6731344341658712
1,0.6967395879522665
1,0.6066224278261403
