feature,weight
intercept,-0.001036475136226529
sentence,-0.4773026766009127
