target,prediction_0_for_negative_1_for_positive
0,0.5193614825516287
1,0.4899271005743083
0,0.2723859339507422
0,0.6338134049031009
0,0.46056239750173145
0,0.5193614825516287
1,0.40284081816357015
1,0.5486620782217041
1,0.5776290983881995
1,0.4899271005743083
